name,host,tcp_server_port,http_server_port
A,localhost,5758,8080
B,localhost,5759,8081
C,localhost,5760,8082
D,localhost,5761,8083
E,localhost,5762,8084
F,localhost,5763,8085
G,localhost,5764,8086
H,localhost,5765,8087
I,localhost,5766,8088
J,localhost,5767,8089
K,localhost,5768,8090
L,localhost,5769,8091
M,localhost,5770,8092
N,localhost,5771,8093
O,localhost,5772,8094
P,localhost,5773,8095
Q,localhost,5774,8096
R,localhost,5775,8097
S,localhost,5776,8098
T,localhost,5777,8099
U,localhost,5778,8100
V,localhost,5779,8101
X,localhost,5780,8102
Y,localhost,5781,8103
Z,localhost,5782,8104